SolutionID,CompletionTime,TotalWaitingTime
0,1439.31,3215.66
1,1439.31,3215.66
2,1439.31,3215.66
3,1439.31,3215.66
4,1439.31,3215.66
5,1439.31,3215.66
6,1439.31,3215.66
7,1439.31,3215.66
8,1439.31,3215.66
9,1439.31,3215.66
10,1439.31,3215.66
11,1439.31,3215.66
12,1439.31,3215.66
13,1439.31,3215.66
14,1439.31,3215.66
15,1439.31,3215.66
16,1439.31,3215.66
17,1439.31,3215.66
18,1439.31,3215.66
19,1439.31,3215.66
20,1439.31,3215.66
21,1439.31,3215.66
22,1439.31,3215.66
23,1439.31,3215.66
24,1439.31,3215.66
25,1439.31,3215.66
26,1439.31,3215.66
27,1439.31,3215.66
28,1439.31,3215.66
29,1439.31,3215.66
30,1439.31,3215.66
31,1439.31,3215.66
32,1439.31,3215.66
33,1439.31,3215.66
34,1439.31,3215.66
35,1439.31,3215.66
36,1439.31,3215.66
37,1439.31,3215.66
38,1439.31,3215.66
39,1439.31,3215.66
40,1439.31,3215.66
41,1439.31,3215.66
42,1439.31,3215.66
43,1439.31,3215.66
44,1439.31,3215.66
45,1439.31,3215.66
46,1439.31,3215.66
47,1439.31,3215.66
48,1439.31,3215.66
49,1439.31,3215.66
50,1439.31,3215.66
51,1439.31,3215.66
52,1439.31,3215.66
53,1439.31,3215.66
54,1439.31,3215.66
55,1439.31,3215.66
56,1439.31,3215.66
57,1439.31,3215.66
58,1439.31,3215.66
59,1439.31,3215.66
60,1439.31,3215.66
61,1439.31,3215.66
62,1439.31,3215.66
63,1439.31,3215.66
64,1439.31,3215.66
65,1439.31,3215.66
66,1439.31,3215.66
67,1439.31,3215.66
68,1439.31,3215.66
69,1439.31,3215.66
70,1439.31,3215.66
71,1439.31,3215.66
72,1439.31,3215.66
73,1439.31,3215.66
74,1439.31,3215.66
75,1439.31,3215.66
76,1439.31,3215.66
77,1439.31,3215.66
78,1439.31,3215.66
79,1439.31,3215.66
80,1439.31,3215.66
81,1439.31,3215.66
82,1439.31,3215.66
83,1439.31,3215.66
84,1439.31,3215.66
85,1439.31,3215.66
86,1439.31,3215.66
87,1439.31,3215.66
88,1439.31,3215.66
89,1439.31,3215.66
90,1439.31,3215.66
91,1439.31,3215.66
92,1439.31,3215.66
93,1439.31,3215.66
94,1439.31,3215.66
95,1439.31,3215.66
96,1439.31,3215.66
97,1439.31,3215.66
98,1439.31,3215.66
99,1439.31,3215.66
100,1439.31,3215.66
101,1439.31,3215.66
102,1439.31,3215.66
103,1439.31,3215.66
104,1439.31,3215.66
105,1439.31,3215.66
106,1439.31,3215.66
107,1439.31,3215.66
108,1439.31,3215.66
109,1439.31,3215.66
110,1439.31,3215.66
111,1439.31,3215.66
112,1439.31,3215.66
113,1439.31,3215.66
114,1439.31,3215.66
115,1439.31,3215.66
116,1439.31,3215.66
117,1439.31,3215.66
118,1439.31,3215.66
119,1439.31,3215.66
120,1439.31,3215.66
121,1439.31,3215.66
122,1439.31,3215.66
123,1439.31,3215.66
124,1439.31,3215.66
125,1439.31,3215.66
126,1439.31,3215.66
127,1439.31,3215.66
128,1439.31,3215.66
129,1439.31,3215.66
130,1439.31,3215.66
131,1439.31,3215.66
132,1439.31,3215.66
133,1439.31,3215.66
134,1439.31,3215.66
135,1439.31,3215.66
136,1439.31,3215.66
137,1439.31,3215.66
138,1439.31,3215.66
139,1439.31,3215.66
140,1439.31,3215.66
141,1439.31,3215.66
142,1439.31,3215.66
143,1439.31,3215.66
144,1439.31,3215.66
145,1439.31,3215.66
146,1439.31,3215.66
147,1439.31,3215.66
148,1439.31,3215.66
149,1439.31,3215.66
150,1439.31,3215.66
151,1439.31,3215.66
152,1439.31,3215.66
153,1439.31,3215.66
154,1439.31,3215.66
155,1439.31,3215.66
156,1439.31,3215.66
157,1439.31,3215.66
158,1439.31,3215.66
159,1439.31,3215.66
160,1439.31,3215.66
161,1439.31,3215.66
162,1439.31,3215.66
163,1439.31,3215.66
164,1439.31,3215.66
165,1439.31,3215.66
166,1439.31,3215.66
167,1439.31,3215.66
168,1439.31,3215.66
169,1439.31,3215.66
170,1439.31,3215.66
171,1439.31,3215.66
172,1439.31,3215.66
173,1439.31,3215.66
174,1439.31,3215.66
175,1439.31,3215.66
176,1439.31,3215.66
177,1439.31,3215.66
178,1439.31,3215.66
179,1439.31,3215.66
180,1439.31,3215.66
181,1439.31,3215.66
182,1439.31,3215.66
183,1439.31,3215.66
184,1439.31,3215.66
185,1439.31,3215.66
186,1439.31,3215.66
187,1439.31,3215.66
188,1439.31,3215.66
189,1439.31,3215.66
190,1439.31,3215.66
191,1439.31,3215.66
192,1439.31,3215.66
193,1439.31,3215.66
194,1439.31,3215.66
195,1439.31,3215.66
196,1439.31,3215.66
197,1439.31,3215.66
198,1439.31,3215.66
199,1439.31,3215.66
200,1439.31,3215.66
201,1439.31,3215.66
202,1439.31,3215.66
203,1439.31,3215.66
204,1439.31,3215.66
205,1439.31,3215.66
206,1439.31,3215.66
207,1439.31,3215.66
208,1439.31,3215.66
209,1439.31,3215.66
210,1439.31,3215.66
211,1439.31,3215.66
212,1439.31,3215.66
213,1439.31,3215.66
214,1439.31,3215.66
215,1439.31,3215.66
216,1439.31,3215.66
217,1439.31,3215.66
218,1439.31,3215.66
219,1439.31,3215.66
220,1439.31,3215.66
221,1439.31,3215.66
222,1439.31,3215.66
223,1439.31,3215.66
224,1439.31,3215.66
225,1439.31,3215.66
226,1439.31,3215.66
227,1439.31,3215.66
228,1439.31,3215.66
229,1439.31,3215.66
230,1439.31,3215.66
231,1439.31,3215.66
232,1439.31,3215.66
233,1439.31,3215.66
234,1439.31,3215.66
235,1439.31,3215.66
236,1439.31,3215.66
237,1439.31,3215.66
238,1439.31,3215.66
239,1439.31,3215.66
240,1439.31,3215.66
241,1439.31,3215.66
242,1439.31,3215.66
243,1439.31,3215.66
244,1439.31,3215.66
245,1439.31,3215.66
246,1439.31,3215.66
247,1439.31,3215.66
248,1439.31,3215.66
249,1439.31,3215.66
250,1439.31,3215.66
251,1439.31,3215.66
252,1439.31,3215.66
253,1439.31,3215.66
254,1439.31,3215.66
255,1439.31,3215.66
256,1439.31,3215.66
257,1439.31,3215.66
258,1439.31,3215.66
259,1439.31,3215.66
260,1439.31,3215.66
261,1439.31,3215.66
262,1439.31,3215.66
263,1439.31,3215.66
264,1439.31,3215.66
265,1439.31,3215.66
266,1439.31,3215.66
267,1439.31,3215.66
268,1439.31,3215.66
269,1439.31,3215.66
270,1439.31,3215.66
271,1439.31,3215.66
272,1439.31,3215.66
273,1439.31,3215.66
274,1439.31,3215.66
275,1439.31,3215.66
276,1439.31,3215.66
277,1439.31,3215.66
278,1439.31,3215.66
279,1439.31,3215.66
280,1439.31,3215.66
281,1439.31,3215.66
282,1439.31,3215.66
283,1439.31,3215.66
284,1439.31,3215.66
285,1439.31,3215.66
286,1439.31,3215.66
287,1439.31,3215.66
288,1439.31,3215.66
289,1439.31,3215.66
290,1439.31,3215.66
291,1439.31,3215.66
292,1439.31,3215.66
293,1439.31,3215.66
294,1439.31,3215.66
295,1439.31,3215.66
296,1439.31,3215.66
297,1439.31,3215.66
298,1439.31,3215.66
299,1439.31,3215.66
300,1439.31,3215.66
301,1439.31,3215.66
302,1439.31,3215.66
303,1439.31,3215.66
304,1439.31,3215.66
305,1439.31,3215.66
306,1439.31,3215.66
307,1439.31,3215.66
308,1439.31,3215.66
309,1439.31,3215.66
310,1439.31,3215.66
311,1439.31,3215.66
312,1439.31,3215.66
313,1439.31,3215.66
314,1439.31,3215.66
315,1439.31,3215.66
316,1439.31,3215.66
317,1439.31,3215.66
318,1439.31,3215.66
319,1439.31,3215.66
320,1439.31,3215.66
321,1439.31,3215.66
322,1439.31,3215.66
323,1439.31,3215.66
324,1439.31,3215.66
325,1439.31,3215.66
326,1439.31,3215.66
327,1439.31,3215.66
328,1439.31,3215.66
329,1439.31,3215.66
330,1439.31,3215.66
331,1439.31,3215.66
332,1439.31,3215.66
333,1439.31,3215.66
334,1439.31,3215.66
335,1439.31,3215.66
336,1439.31,3215.66
337,1439.31,3215.66
338,1439.31,3215.66
339,1439.31,3215.66
340,1439.31,3215.66
341,1439.31,3215.66
342,1439.31,3215.66
343,1439.31,3215.66
344,1439.31,3215.66
345,1439.31,3215.66
346,1439.31,3215.66
347,1439.31,3215.66
348,1439.31,3215.66
349,1439.31,3215.66
350,1439.31,3215.66
351,1439.31,3215.66
352,1439.31,3215.66
353,1439.31,3215.66
354,1439.31,3215.66
355,1439.31,3215.66
356,1439.31,3215.66
357,1439.31,3215.66
358,1439.31,3215.66
359,1439.31,3215.66
360,1439.31,3215.66
361,1439.31,3215.66
362,1439.31,3215.66
363,1439.31,3215.66
364,1439.31,3215.66
365,1439.31,3215.66
366,1439.31,3215.66
367,1439.31,3215.66
368,1439.31,3215.66
369,1439.31,3215.66
370,1439.31,3215.66
371,1439.31,3215.66
372,1439.31,3215.66
373,1439.31,3215.66
374,1439.31,3215.66
375,1439.31,3215.66
376,1439.31,3215.66
377,1439.31,3215.66
378,1439.31,3215.66
379,1439.31,3215.66
380,1439.31,3215.66
381,1439.31,3215.66
382,1439.31,3215.66
383,1439.31,3215.66
384,1439.31,3215.66
385,1439.31,3215.66
386,1439.31,3215.66
387,1439.31,3215.66
388,1439.31,3215.66
389,1439.31,3215.66
390,1439.31,3215.66
391,1439.31,3215.66
392,1439.31,3215.66
393,1439.31,3215.66
394,1439.31,3215.66
395,1439.31,3215.66
396,1439.31,3215.66
397,1439.31,3215.66
398,1439.31,3215.66
399,1439.31,3215.66
400,1439.31,3215.66
401,1439.31,3215.66
402,1439.31,3215.66
403,1439.31,3215.66
404,1439.31,3215.66
405,1439.31,3215.66
406,1439.31,3215.66
407,1439.31,3215.66
408,1439.31,3215.66
409,1439.31,3215.66
410,1439.31,3215.66
411,1439.31,3215.66
412,1439.31,3215.66
413,1439.31,3215.66
414,1439.31,3215.66
415,1439.31,3215.66
416,1439.31,3215.66
417,1439.31,3215.66
418,1439.31,3215.66
419,1439.31,3215.66
420,1439.31,3215.66
421,1439.31,3215.66
422,1439.31,3215.66
423,1439.31,3215.66
424,1439.31,3215.66
425,1439.31,3215.66
426,1439.31,3215.66
427,1439.31,3215.66
428,1439.31,3215.66
429,1439.31,3215.66
430,1439.31,3215.66
431,1439.31,3215.66
432,1439.31,3215.66
433,1439.31,3215.66
434,1439.31,3215.66
435,1439.31,3215.66
436,1439.31,3215.66
437,1439.31,3215.66
438,1439.31,3215.66
439,1439.31,3215.66
440,1439.31,3215.66
441,1439.31,3215.66
442,1439.31,3215.66
443,1439.31,3215.66
444,1439.31,3215.66
445,1439.31,3215.66
446,1439.31,3215.66
447,1439.31,3215.66
448,1439.31,3215.66
449,1439.31,3215.66
450,1439.31,3215.66
451,1439.31,3215.66
452,1439.31,3215.66
453,1439.31,3215.66
454,1439.31,3215.66
455,1439.31,3215.66
456,1439.31,3215.66
457,1439.31,3215.66
458,1439.31,3215.66
459,1439.31,3215.66
460,1439.31,3215.66
461,1439.31,3215.66
462,1439.31,3215.66
463,1439.31,3215.66
464,1439.31,3215.66
465,1439.31,3215.66
466,1439.31,3215.66
467,1439.31,3215.66
468,1439.31,3215.66
469,1439.31,3215.66
470,1439.31,3215.66
471,1439.31,3215.66
472,1439.31,3215.66
473,1439.31,3215.66
474,1439.31,3215.66
475,1439.31,3215.66
476,1439.31,3215.66
477,1439.31,3215.66
478,1439.31,3215.66
479,1439.31,3215.66
480,1439.31,3215.66
481,1439.31,3215.66
482,1439.31,3215.66
483,1439.31,3215.66
484,1439.31,3215.66
485,1439.31,3215.66
486,1439.31,3215.66
487,1439.31,3215.66
488,1439.31,3215.66
489,1439.31,3215.66
490,1439.31,3215.66
491,1439.31,3215.66
492,1439.31,3215.66
493,1439.31,3215.66
494,1439.31,3215.66
495,1439.31,3215.66
496,1439.31,3215.66
497,1439.31,3215.66
498,1439.31,3215.66
499,1439.31,3215.66
500,1439.31,3215.66
501,1439.31,3215.66
502,1439.31,3215.66
503,1439.31,3215.66
504,1439.31,3215.66
505,1439.31,3215.66
506,1439.31,3215.66
507,1439.31,3215.66
508,1439.31,3215.66
509,1439.31,3215.66
510,1439.31,3215.66
511,1439.31,3215.66
512,1439.31,3215.66
513,1439.31,3215.66
514,1439.31,3215.66
515,1439.31,3215.66
516,1439.31,3215.66
517,1439.31,3215.66
518,1439.31,3215.66
519,1439.31,3215.66
520,1439.31,3215.66
521,1439.31,3215.66
522,1439.31,3215.66
523,1439.31,3215.66
524,1439.31,3215.66
525,1439.31,3215.66
526,1439.31,3215.66
527,1439.31,3215.66
528,1439.31,3215.66
529,1439.31,3215.66
530,1439.31,3215.66
531,1439.31,3215.66
532,1439.31,3215.66
533,1439.31,3215.66
534,1439.31,3215.66
535,1439.31,3215.66
536,1439.31,3215.66
537,1439.31,3215.66
538,1439.31,3215.66
539,1439.31,3215.66
540,1439.31,3215.66
541,1439.31,3215.66
542,1439.31,3215.66
543,1439.31,3215.66
544,1439.31,3215.66
545,1439.31,3215.66
546,1439.31,3215.66
547,1439.31,3215.66
548,1439.31,3215.66
549,1439.31,3215.66
550,1439.31,3215.66
551,1439.31,3215.66
552,1439.31,3215.66
553,1439.31,3215.66
554,1439.31,3215.66
555,1439.31,3215.66
556,1439.31,3215.66
557,1439.31,3215.66
558,1439.31,3215.66
559,1439.31,3215.66
560,1439.31,3215.66
561,1439.31,3215.66
562,1439.31,3215.66
563,1439.31,3215.66
564,1439.31,3215.66
565,1439.31,3215.66
566,1439.31,3215.66
567,1439.31,3215.66
568,1439.31,3215.66
569,1439.31,3215.66
570,1439.31,3215.66
571,1439.31,3215.66
572,1439.31,3215.66
573,1439.31,3215.66
574,1439.31,3215.66
575,1439.31,3215.66
576,1439.31,3215.66
577,1439.31,3215.66
578,1439.31,3215.66
579,1439.31,3215.66
580,1439.31,3215.66
581,1439.31,3215.66
582,1439.31,3215.66
583,1439.31,3215.66
584,1439.31,3215.66
585,1439.31,3215.66
586,1439.31,3215.66
587,1439.31,3215.66
588,1439.31,3215.66
589,1439.31,3215.66
590,1439.31,3215.66
591,1439.31,3215.66
592,1439.31,3215.66
593,1439.31,3215.66
594,1439.31,3215.66
595,1439.31,3215.66
596,1439.31,3215.66
597,1439.31,3215.66
598,1439.31,3215.66
599,1439.31,3215.66
600,1439.31,3215.66
601,1439.31,3215.66
602,1439.31,3215.66
603,1439.31,3215.66
604,1439.31,3215.66
605,1439.31,3215.66
606,1439.31,3215.66
607,1439.31,3215.66
608,1439.31,3215.66
609,1439.31,3215.66
610,1439.31,3215.66
611,1439.31,3215.66
612,1439.31,3215.66
613,1439.31,3215.66
614,1439.31,3215.66
615,1439.31,3215.66
616,1439.31,3215.66
617,1439.31,3215.66
618,1439.31,3215.66
619,1439.31,3215.66
620,1439.31,3215.66
621,1439.31,3215.66
622,1439.31,3215.66
623,1439.31,3215.66
624,1439.31,3215.66
625,1439.31,3215.66
626,1439.31,3215.66
627,1439.31,3215.66
628,1439.31,3215.66
629,1439.31,3215.66
630,1439.31,3215.66
631,1439.31,3215.66
632,1439.31,3215.66
633,1439.31,3215.66
634,1439.31,3215.66
635,1439.31,3215.66
636,1439.31,3215.66
637,1439.31,3215.66
638,1439.31,3215.66
639,1439.31,3215.66
640,1439.31,3215.66
641,1439.31,3215.66
642,1439.31,3215.66
643,1439.31,3215.66
644,1439.31,3215.66
645,1439.31,3215.66
646,1439.31,3215.66
647,1439.31,3215.66
648,1439.31,3215.66
649,1439.31,3215.66
650,1439.31,3215.66
651,1439.31,3215.66
652,1439.31,3215.66
653,1439.31,3215.66
654,1439.31,3215.66
655,1439.31,3215.66
656,1439.31,3215.66
657,1439.31,3215.66
658,1439.31,3215.66
659,1439.31,3215.66
660,1439.31,3215.66
661,1439.31,3215.66
662,1439.31,3215.66
663,1439.31,3215.66
664,1439.31,3215.66
665,1439.31,3215.66
666,1439.31,3215.66
667,1439.31,3215.66
668,1439.31,3215.66
669,1439.31,3215.66
670,1439.31,3215.66
671,1439.31,3215.66
672,1439.31,3215.66
673,1439.31,3215.66
674,1439.31,3215.66
675,1439.31,3215.66
676,1439.31,3215.66
677,1439.31,3215.66
678,1439.31,3215.66
679,1439.31,3215.66
680,1439.31,3215.66
681,1439.31,3215.66
682,1439.31,3215.66
683,1439.31,3215.66
684,1439.31,3215.66
685,1439.31,3215.66
686,1439.31,3215.66
687,1439.31,3215.66
688,1439.31,3215.66
689,1439.31,3215.66
690,1439.31,3215.66
691,1439.31,3215.66
692,1439.31,3215.66
693,1439.31,3215.66
694,1439.31,3215.66
695,1439.31,3215.66
696,1439.31,3215.66
697,1439.31,3215.66
698,1439.31,3215.66
699,1439.31,3215.66
700,1439.31,3215.66
701,1439.31,3215.66
702,1439.31,3215.66
703,1439.31,3215.66
704,1439.31,3215.66
705,1439.31,3215.66
706,1439.31,3215.66
707,1439.31,3215.66
708,1439.31,3215.66
709,1439.31,3215.66
710,1439.31,3215.66
711,1439.31,3215.66
712,1439.31,3215.66
713,1439.31,3215.66
714,1439.31,3215.66
715,1439.31,3215.66
716,1439.31,3215.66
717,1439.31,3215.66
718,1439.31,3215.66
719,1439.31,3215.66
720,1439.31,3215.66
721,1439.31,3215.66
722,1439.31,3215.66
723,1439.31,3215.66
724,1439.31,3215.66
725,1439.31,3215.66
726,1439.31,3215.66
727,1439.31,3215.66
728,1439.31,3215.66
729,1439.31,3215.66
730,1439.31,3215.66
731,1439.31,3215.66
732,1439.31,3215.66
733,1439.31,3215.66
734,1439.31,3215.66
735,1439.31,3215.66
736,1439.31,3215.66
737,1439.31,3215.66
738,1439.31,3215.66
739,1439.31,3215.66
740,1439.31,3215.66
741,1439.31,3215.66
742,1439.31,3215.66
743,1439.31,3215.66
744,1439.31,3215.66
745,1439.31,3215.66
746,1439.31,3215.66
747,1439.31,3215.66
748,1439.31,3215.66
749,1439.31,3215.66
750,1439.31,3215.66
751,1439.31,3215.66
752,1439.31,3215.66
753,1439.31,3215.66
754,1439.31,3215.66
755,1439.31,3215.66
756,1439.31,3215.66
757,1439.31,3215.66
758,1439.31,3215.66
759,1439.31,3215.66
760,1439.31,3215.66
761,1439.31,3215.66
762,1439.31,3215.66
763,1439.31,3215.66
764,1439.31,3215.66
765,1439.31,3215.66
766,1439.31,3215.66
767,1439.31,3215.66
768,1439.31,3215.66
769,1439.31,3215.66
770,1439.31,3215.66
771,1439.31,3215.66
772,1439.31,3215.66
773,1439.31,3215.66
774,1439.31,3215.66
775,1439.31,3215.66
776,1439.31,3215.66
777,1439.31,3215.66
778,1439.31,3215.66
779,1439.31,3215.66
780,1439.31,3215.66
781,1439.31,3215.66
782,1439.31,3215.66
783,1439.31,3215.66
784,1439.31,3215.66
785,1439.31,3215.66
786,1439.31,3215.66
787,1439.31,3215.66
788,1439.31,3215.66
789,1439.31,3215.66
790,1439.31,3215.66
791,1439.31,3215.66
792,1439.31,3215.66
793,1439.31,3215.66
794,1439.31,3215.66
795,1439.31,3215.66
796,1439.31,3215.66
797,1439.31,3215.66
798,1439.31,3215.66
799,1439.31,3215.66
800,1439.31,3215.66
801,1439.31,3215.66
802,1439.31,3215.66
803,1439.31,3215.66
804,1439.31,3215.66
805,1439.31,3215.66
806,1439.31,3215.66
807,1439.31,3215.66
808,1439.31,3215.66
809,1439.31,3215.66
810,1439.31,3215.66
811,1439.31,3215.66
812,1439.31,3215.66
813,1439.31,3215.66
814,1452.09,2887.7
815,1452.09,2887.7
816,1452.09,2887.7
817,1452.09,2887.7
818,1452.09,2887.7
819,1452.09,2887.7
820,1452.09,2887.7
821,1452.09,2887.7
822,1452.09,2887.7
823,1452.09,2887.7
824,1452.09,2887.7
825,1452.09,2887.7
826,1452.09,2887.7
827,1452.09,2887.7
828,1452.09,2887.7
829,1452.09,2887.7
830,1452.09,2887.7
831,1452.09,2887.7
832,1452.09,2887.7
833,1452.09,2887.7
834,1452.09,2887.7
835,1452.09,2887.7
836,1452.09,2887.7
837,1452.09,2887.7
838,1452.09,2887.7
839,1452.09,2887.7
840,1452.09,2887.7
841,1452.09,2887.7
842,1452.09,2887.7
843,1452.09,2887.7
844,1452.09,2887.7
845,1452.09,2887.7
846,1452.09,2887.7
847,1452.09,2887.7
848,1452.09,2887.7
849,1452.09,2887.7
850,1452.09,2887.7
851,1452.09,2887.7
852,1452.09,2887.7
853,1452.09,2887.7
854,1452.09,2887.7
855,1452.09,2887.7
856,1452.09,2887.7
857,1452.09,2887.7
858,1452.09,2887.7
859,1452.09,2887.7
860,1452.09,2887.7
861,1452.09,2887.7
862,1452.09,2887.7
863,1452.09,2887.7
864,1452.09,2887.7
865,1452.09,2887.7
866,1452.09,2887.7
867,1452.09,2887.7
868,1452.09,2887.7
869,1452.09,2887.7
870,1452.09,2887.7
871,1452.09,2887.7
872,1452.09,2887.7
873,1452.09,2887.7
874,1452.09,2887.7
875,1452.09,2887.7
876,1452.09,2887.7
877,1452.09,2887.7
878,1452.09,2887.7
879,1452.09,2887.7
880,1452.09,2887.7
881,1452.09,2887.7
882,1452.09,2887.7
883,1452.09,2887.7
884,1452.09,2887.7
885,1452.09,2887.7
886,1452.09,2887.7
887,1452.09,2887.7
888,1452.09,2887.7
889,1452.09,2887.7
890,1452.09,2887.7
891,1452.09,2887.7
892,1452.09,2887.7
893,1452.09,2887.7
894,1452.09,2887.7
895,1452.09,2887.7
896,1452.09,2887.7
897,1452.09,2887.7
898,1452.09,2887.7
899,1452.09,2887.7
900,1452.09,2887.7
901,1452.09,2887.7
902,1452.09,2887.7
903,1452.09,2887.7
904,1452.09,2887.7
905,1452.09,2887.7
906,1452.09,2887.7
907,1452.09,2887.7
908,1452.09,2887.7
909,1452.09,2887.7
910,1452.09,2887.7
911,1452.09,2887.7
912,1452.09,2887.7
913,1452.09,2887.7
914,1452.09,2887.7
915,1452.09,2887.7
916,1452.09,2887.7
917,1452.09,2887.7
918,1452.09,2887.7
919,1452.09,2887.7
920,1452.09,2887.7
921,1452.09,2887.7
922,1452.09,2887.7
923,1452.09,2887.7
924,1452.09,2887.7
925,1452.09,2887.7
926,1452.09,2887.7
927,1452.09,2887.7
928,1452.09,2887.7
929,1452.09,2887.7
930,1452.09,2887.7
931,1452.09,2887.7
932,1452.09,2887.7
933,1452.09,2887.7
934,1452.09,2887.7
935,1452.09,2887.7
936,1452.09,2887.7
937,1452.09,2887.7
938,1452.09,2887.7
939,1452.09,2887.7
940,1452.09,2887.7
941,1452.09,2887.7
942,1452.09,2887.7
943,1452.09,2887.7
944,1452.09,2887.7
945,1452.09,2887.7
946,1452.09,2887.7
947,1452.09,2887.7
948,1452.09,2887.7
949,1452.09,2887.7
950,1452.09,2887.7
951,1452.09,2887.7
952,1452.09,2887.7
953,1452.09,2887.7
954,1452.09,2887.7
955,1452.09,2887.7
956,1452.09,2887.7
957,1452.09,2887.7
958,1452.09,2887.7
959,1452.09,2887.7
960,1452.09,2887.7
961,1452.09,2887.7
962,1452.09,2887.7
963,1452.09,2887.7
964,1452.09,2887.7
965,1452.09,2887.7
966,1452.09,2887.7
967,1452.09,2887.7
968,1452.09,2887.7
969,1452.09,2887.7
970,1452.09,2887.7
971,1452.09,2887.7
972,1452.09,2887.7
973,1452.09,2887.7
974,1452.09,2887.7
975,1452.09,2887.7
976,1452.09,2887.7
977,1452.09,2887.7
978,1452.09,2887.7
979,1452.09,2887.7
980,1452.09,2887.7
981,1452.09,2887.7
982,1452.09,2887.7
983,1452.09,2887.7
984,1452.09,2887.7
985,1452.09,2887.7
986,1452.09,2887.7
987,1452.09,2887.7
988,1452.09,2887.7
989,1452.09,2887.7
990,1452.09,2887.7
991,1452.09,2887.7
992,1452.09,2887.7
993,1452.09,2887.7
994,1452.09,2887.7
995,1452.09,2887.7
996,1452.09,2887.7
997,1452.09,2887.7
998,1452.09,2887.7
999,1452.09,2887.7
1000,1452.09,2887.7
1001,1452.09,2887.7
1002,1452.09,2887.7
1003,1452.09,2887.7
1004,1452.09,2887.7
1005,1452.09,2887.7
1006,1452.09,2887.7
1007,1452.09,2887.7
1008,1452.09,2887.7
1009,1452.09,2887.7
1010,1452.09,2887.7
1011,1452.09,2887.7
1012,1452.09,2887.7
1013,1452.09,2887.7
1014,1452.09,2887.7
1015,1452.09,2887.7
1016,1452.09,2887.7
1017,1452.09,2887.7
1018,1452.09,2887.7
1019,1452.09,2887.7
1020,1452.09,2887.7
1021,1452.09,2887.7
1022,1452.09,2887.7
1023,1452.09,2887.7
1024,1452.09,2887.7
1025,1452.09,2887.7
1026,1452.09,2887.7
1027,1452.09,2887.7
1028,1452.09,2887.7
1029,1452.09,2887.7
1030,1452.09,2887.7
1031,1452.09,2887.7
1032,1452.09,2887.7
1033,1452.09,2887.7
1034,1452.09,2887.7
1035,1452.09,2887.7
1036,1452.09,2887.7
1037,1452.09,2887.7
1038,1452.09,2887.7
1039,1452.09,2887.7
1040,1452.09,2887.7
1041,1452.09,2887.7
1042,1452.09,2887.7
1043,1452.09,2887.7
1044,1452.09,2887.7
1045,1452.09,2887.7
1046,1452.09,2887.7
1047,1452.09,2887.7
1048,1452.09,2887.7
1049,1452.09,2887.7
1050,1452.09,2887.7
1051,1452.09,2887.7
1052,1452.09,2887.7
1053,1452.09,2887.7
1054,1452.09,2887.7
1055,1452.09,2887.7
1056,1452.09,2887.7
1057,1452.09,2887.7
1058,1452.09,2887.7
1059,1452.09,2887.7
1060,1452.09,2887.7
1061,1452.09,2887.7
1062,1452.09,2887.7
1063,1452.09,2887.7
1064,1452.09,2887.7
1065,1452.09,2887.7
1066,1452.09,2887.7
1067,1452.09,2887.7
1068,1452.09,2887.7
1069,1452.09,2887.7
1070,1452.09,2887.7
1071,1452.09,2887.7
1072,1452.09,2887.7
1073,1452.09,2887.7
1074,1452.09,2887.7
1075,1452.09,2887.7
1076,1452.09,2887.7
1077,1452.09,2887.7
1078,1452.09,2887.7
1079,1452.09,2887.7
1080,1452.09,2887.7
1081,1452.09,2887.7
1082,1452.09,2887.7
1083,1452.09,2887.7
1084,1452.09,2887.7
1085,1452.09,2887.7
1086,1452.09,2887.7
1087,1452.09,2887.7
1088,1452.09,2887.7
1089,1452.09,2887.7
1090,1452.09,2887.7
1091,1452.09,2887.7
1092,1452.09,2887.7
1093,1452.09,2887.7
1094,1452.09,2887.7
1095,1452.09,2887.7
1096,1452.09,2887.7
1097,1452.09,2887.7
1098,1452.09,2887.7
1099,1452.09,2887.7
1100,1452.09,2887.7
1101,1452.09,2887.7
1102,1452.09,2887.7
1103,1452.09,2887.7
1104,1452.09,2887.7
1105,1452.09,2887.7
1106,1452.09,2887.7
1107,1452.09,2887.7
1108,1452.09,2887.7
1109,1452.09,2887.7
1110,1452.09,2887.7
1111,1452.09,2887.7
1112,1452.09,2887.7
1113,1452.09,2887.7
1114,1452.09,2887.7
1115,1452.09,2887.7
1116,1452.09,2887.7
1117,1452.09,2887.7
1118,1452.09,2887.7
1119,1452.09,2887.7
1120,1452.09,2887.7
1121,1452.09,2887.7
1122,1452.09,2887.7
1123,1452.09,2887.7
1124,1452.09,2887.7
1125,1452.09,2887.7
1126,1452.09,2887.7
1127,1452.09,2887.7
1128,1452.09,2887.7
1129,1452.09,2887.7
1130,1452.09,2887.7
1131,1452.09,2887.7
1132,1452.09,2887.7
1133,1452.09,2887.7
1134,1452.09,2887.7
1135,1452.09,2887.7
1136,1452.09,2887.7
1137,1452.09,2887.7
1138,1452.09,2887.7
1139,1452.09,2887.7
1140,1452.09,2887.7
1141,1452.09,2887.7
1142,1452.09,2887.7
1143,1452.09,2887.7
1144,1452.09,2887.7
1145,1452.09,2887.7
1146,1452.09,2887.7
1147,1452.09,2887.7
1148,1452.09,2887.7
1149,1452.09,2887.7
1150,1452.09,2887.7
1151,1452.09,2887.7
1152,1452.09,2887.7
1153,1452.09,2887.7
1154,1452.09,2887.7
1155,1452.09,2887.7
1156,1452.09,2887.7
1157,1452.09,2887.7
1158,1452.09,2887.7
1159,1452.09,2887.7
1160,1452.09,2887.7
1161,1452.09,2887.7
1162,1452.09,2887.7
1163,1452.09,2887.7
1164,1452.09,2887.7
1165,1452.09,2887.7
1166,1452.09,2887.7
1167,1452.09,2887.7
1168,1452.09,2887.7
1169,1452.09,2887.7
1170,1452.09,2887.7
1171,1452.09,2887.7
1172,1452.09,2887.7
1173,1452.09,2887.7
1174,1452.09,2887.7
1175,1452.09,2887.7
1176,1452.09,2887.7
1177,1452.09,2887.7
1178,1452.09,2887.7
1179,1452.09,2887.7
1180,1452.09,2887.7
1181,1452.09,2887.7
1182,1452.09,2887.7
1183,1452.09,2887.7
1184,1452.09,2887.7
1185,1452.09,2887.7
1186,1452.09,2887.7
1187,1452.09,2887.7
1188,1452.09,2887.7
1189,1452.09,2887.7
1190,1452.09,2887.7
1191,1452.09,2887.7
1192,1452.09,2887.7
1193,1452.09,2887.7
1194,1452.09,2887.7
1195,1452.09,2887.7
1196,1452.09,2887.7
1197,1452.09,2887.7
1198,1452.09,2887.7
1199,1452.09,2887.7
1200,1452.09,2887.7
1201,1452.09,2887.7
1202,1452.09,2887.7
1203,1452.09,2887.7
1204,1452.09,2887.7
1205,1452.09,2887.7
1206,1452.09,2887.7
1207,1452.09,2887.7
1208,1452.09,2887.7
1209,1452.09,2887.7
1210,1452.09,2887.7
1211,1452.09,2887.7
1212,1452.09,2887.7
1213,1452.09,2887.7
1214,1452.09,2887.7
1215,1452.09,2887.7
1216,1452.09,2887.7
1217,1452.09,2887.7
1218,1452.09,2887.7
1219,1452.09,2887.7
1220,1452.09,2887.7
1221,1452.09,2887.7
1222,1452.09,2887.7
1223,1452.09,2887.7
1224,1452.09,2887.7
1225,1452.09,2887.7
1226,1452.09,2887.7
1227,1452.09,2887.7
1228,1452.09,2887.7
1229,1452.09,2887.7
1230,1452.09,2887.7
1231,1452.09,2887.7
1232,1452.09,2887.7
1233,1452.09,2887.7
1234,1452.09,2887.7
1235,1452.09,2887.7
1236,1452.09,2887.7
1237,1452.09,2887.7
1238,1452.09,2887.7
1239,1452.09,2887.7
1240,1452.09,2887.7
1241,1452.09,2887.7
1242,1452.09,2887.7
1243,1452.09,2887.7
1244,1452.09,2887.7
1245,1452.09,2887.7
1246,1452.09,2887.7
1247,1452.09,2887.7
1248,1452.09,2887.7
1249,1452.09,2887.7
1250,1452.09,2887.7
1251,1452.09,2887.7
1252,1452.09,2887.7
1253,1452.09,2887.7
1254,1452.09,2887.7
1255,1452.09,2887.7
1256,1452.09,2887.7
1257,1452.09,2887.7
1258,1452.09,2887.7
1259,1452.09,2887.7
1260,1452.09,2887.7
1261,1452.09,2887.7
1262,1452.09,2887.7
1263,1452.09,2887.7
1264,1452.09,2887.7
1265,1452.09,2887.7
1266,1452.09,2887.7
1267,1452.09,2887.7
1268,1452.09,2887.7
1269,1452.09,2887.7
1270,1452.09,2887.7
1271,1452.09,2887.7
1272,1452.09,2887.7
1273,1452.09,2887.7
1274,1452.09,2887.7
1275,1452.09,2887.7
1276,1452.09,2887.7
1277,1452.09,2887.7
1278,1452.09,2887.7
1279,1452.09,2887.7
1280,1452.09,2887.7
1281,1452.09,2887.7
1282,1452.09,2887.7
1283,1452.09,2887.7
1284,1452.09,2887.7
1285,1452.09,2887.7
1286,1452.09,2887.7
1287,1452.09,2887.7
1288,1452.09,2887.7
1289,1452.09,2887.7
1290,1452.09,2887.7
1291,1452.09,2887.7
1292,1452.09,2887.7
1293,1452.09,2887.7
1294,1452.09,2887.7
1295,1452.09,2887.7
1296,1452.09,2887.7
1297,1452.09,2887.7
1298,1452.09,2887.7
1299,1452.09,2887.7
1300,1452.09,2887.7
1301,1452.09,2887.7
1302,1452.09,2887.7
1303,1452.09,2887.7
1304,1452.09,2887.7
1305,1452.09,2887.7
1306,1452.09,2887.7
1307,1452.09,2887.7
1308,1452.09,2887.7
1309,1452.09,2887.7
1310,1452.09,2887.7
1311,1452.09,2887.7
1312,1452.09,2887.7
1313,1452.09,2887.7
1314,1452.09,2887.7
1315,1452.09,2887.7
1316,1452.09,2887.7
1317,1452.09,2887.7
1318,1452.09,2887.7
1319,1452.09,2887.7
1320,1452.09,2887.7
1321,1452.09,2887.7
1322,1452.09,2887.7
1323,1452.09,2887.7
1324,1452.09,2887.7
1325,1452.09,2887.7
1326,1452.09,2887.7
1327,1452.09,2887.7
1328,1452.09,2887.7
1329,1452.09,2887.7
1330,1452.09,2887.7
1331,1452.09,2887.7
1332,1452.09,2887.7
1333,1452.09,2887.7
1334,1452.09,2887.7
1335,1452.09,2887.7
1336,1452.09,2887.7
1337,1452.09,2887.7
1338,1452.09,2887.7
1339,1452.09,2887.7
1340,1452.09,2887.7
1341,1452.09,2887.7
1342,1452.09,2887.7
1343,1452.09,2887.7
1344,1452.09,2887.7
1345,1452.09,2887.7
1346,1452.09,2887.7
1347,1452.09,2887.7
1348,1452.09,2887.7
1349,1452.09,2887.7
1350,1452.09,2887.7
1351,1452.09,2887.7
1352,1452.09,2887.7
1353,1452.09,2887.7
1354,1452.09,2887.7
1355,1452.09,2887.7
1356,1452.09,2887.7
1357,1452.09,2887.7
1358,1452.09,2887.7
1359,1452.09,2887.7
1360,1452.09,2887.7
1361,1452.09,2887.7
1362,1452.09,2887.7
1363,1452.09,2887.7
1364,1452.09,2887.7
1365,1452.09,2887.7
1366,1452.09,2887.7
1367,1452.09,2887.7
1368,1452.09,2887.7
1369,1452.09,2887.7
1370,1452.09,2887.7
1371,1452.09,2887.7
1372,1452.09,2887.7
1373,1452.09,2887.7
1374,1452.09,2887.7
1375,1452.09,2887.7
1376,1452.09,2887.7
1377,1452.09,2887.7
1378,1452.09,2887.7
1379,1452.09,2887.7
1380,1452.09,2887.7
1381,1452.09,2887.7
1382,1452.09,2887.7
1383,1452.09,2887.7
1384,1452.09,2887.7
1385,1452.09,2887.7
1386,1452.09,2887.7
1387,1452.09,2887.7
1388,1452.09,2887.7
1389,1452.09,2887.7
1390,1452.09,2887.7
1391,1452.09,2887.7
1392,1452.09,2887.7
1393,1452.09,2887.7
1394,1452.09,2887.7
1395,1452.09,2887.7
1396,1452.09,2887.7
1397,1452.09,2887.7
1398,1452.09,2887.7
1399,1452.09,2887.7
1400,1452.09,2887.7
1401,1452.09,2887.7
1402,1452.09,2887.7
1403,1452.09,2887.7
1404,1452.09,2887.7
1405,1452.09,2887.7
1406,1452.09,2887.7
1407,1452.09,2887.7
1408,1452.09,2887.7
1409,1452.09,2887.7
1410,1452.09,2887.7
1411,1452.09,2887.7
1412,1452.09,2887.7
1413,1452.09,2887.7
1414,1452.09,2887.7
1415,1452.09,2887.7
1416,1452.09,2887.7
1417,1452.09,2887.7
1418,1452.09,2887.7
1419,1452.09,2887.7
1420,1452.09,2887.7
1421,1452.09,2887.7
1422,1452.09,2887.7
1423,1452.09,2887.7
1424,1452.09,2887.7
1425,1452.09,2887.7
1426,1452.09,2887.7
1427,1452.09,2887.7
1428,1452.09,2887.7
1429,1452.09,2887.7
1430,1452.09,2887.7
1431,1452.09,2887.7
1432,1452.09,2887.7
1433,1452.09,2887.7
1434,1452.09,2887.7
1435,1452.09,2887.7
1436,1452.09,2887.7
1437,1452.09,2887.7
1438,1452.09,2887.7
1439,1452.09,2887.7
1440,1452.09,2887.7
1441,1452.09,2887.7
1442,1452.09,2887.7
1443,1452.09,2887.7
1444,1452.09,2887.7
1445,1452.09,2887.7
1446,1452.09,2887.7
1447,1452.09,2887.7
1448,1452.09,2887.7
1449,1452.09,2887.7
1450,1452.09,2887.7
1451,1452.09,2887.7
1452,1452.09,2887.7
1453,1452.09,2887.7
1454,1452.09,2887.7
1455,1452.09,2887.7
1456,1452.09,2887.7
1457,1452.09,2887.7
1458,1452.09,2887.7
1459,1452.09,2887.7
1460,1452.09,2887.7
1461,1452.09,2887.7
1462,1452.09,2887.7
1463,1452.09,2887.7
1464,1452.09,2887.7
1465,1452.09,2887.7
1466,1452.09,2887.7
1467,1452.09,2887.7
1468,1452.09,2887.7
1469,1452.09,2887.7
1470,1452.09,2887.7
1471,1452.09,2887.7
1472,1452.09,2887.7
1473,1452.09,2887.7
1474,1452.09,2887.7
1475,1452.09,2887.7
1476,1452.09,2887.7
1477,1452.09,2887.7
1478,1452.09,2887.7
1479,1452.09,2887.7
1480,1452.09,2887.7
1481,1452.09,2887.7
1482,1452.09,2887.7
1483,1452.09,2887.7
1484,1452.09,2887.7
1485,1452.09,2887.7
1486,1452.09,2887.7
1487,1452.09,2887.7
1488,1452.09,2887.7
1489,1452.09,2887.7
1490,1452.09,2887.7
1491,1452.09,2887.7
1492,1452.09,2887.7
1493,1452.09,2887.7
1494,1452.09,2887.7
1495,1452.09,2887.7
1496,1452.09,2887.7
1497,1452.09,2887.7
1498,1452.09,2887.7
1499,1452.09,2887.7
1500,1452.09,2887.7
1501,1452.09,2887.7
1502,1452.09,2887.7
1503,1452.09,2887.7
1504,1452.09,2887.7
1505,1452.09,2887.7
1506,1452.09,2887.7
1507,1452.09,2887.7
1508,1452.09,2887.7
1509,1452.09,2887.7
1510,1452.09,2887.7
1511,1452.09,2887.7
1512,1452.09,2887.7
1513,1452.09,2887.7
1514,1452.09,2887.7
1515,1452.09,2887.7
1516,1452.09,2887.7
1517,1452.09,2887.7
1518,1452.09,2887.7
1519,1452.09,2887.7
1520,1452.09,2887.7
1521,1452.09,2887.7
1522,1452.09,2887.7
1523,1452.09,2887.7
1524,1452.09,2887.7
1525,1452.09,2887.7
1526,1452.09,2887.7
1527,1452.09,2887.7
1528,1452.09,2887.7
1529,1452.09,2887.7
1530,1452.09,2887.7
1531,1452.09,2887.7
1532,1452.09,2887.7
1533,1452.09,2887.7
1534,1452.09,2887.7
1535,1452.09,2887.7
1536,1452.09,2887.7
1537,1452.09,2887.7
1538,1452.09,2887.7
1539,1452.09,2887.7
1540,1452.09,2887.7
1541,1452.09,2887.7
1542,1452.09,2887.7
1543,1452.09,2887.7
1544,1452.09,2887.7
1545,1452.09,2887.7
1546,1452.09,2887.7
1547,1452.09,2887.7
1548,1452.09,2887.7
1549,1452.09,2887.7
1550,1452.09,2887.7
1551,1452.09,2887.7
1552,1452.09,2887.7
1553,1452.09,2887.7
1554,1452.09,2887.7
1555,1452.09,2887.7
1556,1452.09,2887.7
1557,1452.09,2887.7
1558,1452.09,2887.7
1559,1452.09,2887.7
1560,1452.09,2887.7
1561,1452.09,2887.7
1562,1452.09,2887.7
1563,1452.09,2887.7
1564,1452.09,2887.7
1565,1452.09,2887.7
1566,1452.09,2887.7
1567,1452.09,2887.7
1568,1452.09,2887.7
1569,1452.09,2887.7
1570,1452.09,2887.7
1571,1452.09,2887.7
1572,1452.09,2887.7
1573,1452.09,2887.7
1574,1452.09,2887.7
1575,1452.09,2887.7
1576,1452.09,2887.7
1577,1452.09,2887.7
1578,1452.09,2887.7
1579,1452.09,2887.7
1580,1452.09,2887.7
1581,1452.09,2887.7
1582,1452.09,2887.7
1583,1452.09,2887.7
1584,1452.09,2887.7
1585,1452.09,2887.7
1586,1452.09,2887.7
1587,1452.09,2887.7
1588,1452.09,2887.7
1589,1452.09,2887.7
1590,1452.09,2887.7
1591,1452.09,2887.7
1592,1452.09,2887.7
1593,1452.09,2887.7
1594,1452.09,2887.7
1595,1452.09,2887.7
1596,1452.09,2887.7
1597,1452.09,2887.7
1598,1452.09,2887.7
1599,1452.09,2887.7
1600,1452.09,2887.7
1601,1452.09,2887.7
1602,1452.09,2887.7
1603,1452.09,2887.7
1604,1452.09,2887.7
1605,1452.09,2887.7
1606,1452.09,2887.7
1607,1452.09,2887.7
1608,1452.09,2887.7
1609,1452.09,2887.7
1610,1452.09,2887.7
1611,1452.09,2887.7
1612,1452.09,2887.7
1613,1452.09,2887.7
1614,1452.09,2887.7
1615,1452.09,2887.7
1616,1452.09,2887.7
1617,1452.09,2887.7
1618,1452.09,2887.7
1619,1452.09,2887.7
1620,1452.09,2887.7
1621,1452.09,2887.7
1622,1452.09,2887.7
1623,1452.09,2887.7
1624,1452.09,2887.7
1625,1452.09,2887.7
1626,1452.09,2887.7
1627,1452.09,2887.7
1628,1452.09,2887.7
1629,1452.09,2887.7
1630,1452.09,2887.7
1631,1452.09,2887.7
1632,1452.09,2887.7
1633,1452.09,2887.7
1634,1452.09,2887.7
1635,1452.09,2887.7
1636,1452.09,2887.7
1637,1452.09,2887.7
1638,1452.09,2887.7
1639,1452.09,2887.7
1640,1452.09,2887.7
1641,1452.09,2887.7
1642,1452.09,2887.7
1643,1452.09,2887.7
1644,1452.09,2887.7
1645,1452.09,2887.7
1646,1452.09,2887.7
1647,1452.09,2887.7
1648,1452.09,2887.7
1649,1452.09,2887.7
1650,1452.09,2887.7
1651,1452.09,2887.7
1652,1452.09,2887.7
1653,1452.09,2887.7
1654,1452.09,2887.7
1655,1452.09,2887.7
1656,1452.09,2887.7
1657,1452.09,2887.7
1658,1452.09,2887.7
1659,1452.09,2887.7
1660,1452.09,2887.7
1661,1452.09,2887.7
1662,1452.09,2887.7
1663,1452.09,2887.7
1664,1452.09,2887.7
1665,1452.09,2887.7
1666,1452.09,2887.7
1667,1452.09,2887.7
1668,1452.09,2887.7
1669,1452.09,2887.7
1670,1452.09,2887.7
1671,1452.09,2887.7
1672,1452.09,2887.7
1673,1452.09,2887.7
1674,1452.09,2887.7
1675,1452.09,2887.7
1676,1452.09,2887.7
1677,1452.09,2887.7
1678,1452.09,2887.7
1679,1452.09,2887.7
1680,1452.09,2887.7
1681,1452.09,2887.7
1682,1452.09,2887.7
1683,1452.09,2887.7
1684,1452.09,2887.7
1685,1452.09,2887.7
1686,1452.09,2887.7
1687,1452.09,2887.7
1688,1452.09,2887.7
1689,1452.09,2887.7
1690,1452.09,2887.7
1691,1452.09,2887.7
1692,1452.09,2887.7
1693,1452.09,2887.7
1694,1452.09,2887.7
1695,1452.09,2887.7
1696,1452.09,2887.7
1697,1452.09,2887.7
1698,1452.09,2887.7
1699,1452.09,2887.7
1700,1452.09,2887.7
1701,1452.09,2887.7
1702,1452.09,2887.7
1703,1452.09,2887.7
1704,1452.09,2887.7
1705,1452.09,2887.7
1706,1452.09,2887.7
1707,1452.09,2887.7
1708,1452.09,2887.7
1709,1452.09,2887.7
1710,1452.09,2887.7
1711,1452.09,2887.7
1712,1452.09,2887.7
1713,1452.09,2887.7
1714,1452.09,2887.7
1715,1452.09,2887.7
1716,1452.09,2887.7
1717,1452.09,2887.7
1718,1452.09,2887.7
1719,1452.09,2887.7
1720,1452.09,2887.7
1721,1452.09,2887.7
1722,1452.09,2887.7
1723,1452.09,2887.7
1724,1452.09,2887.7
1725,1452.09,2887.7
1726,1452.09,2887.7
1727,1452.09,2887.7
1728,1452.09,2887.7
1729,1452.09,2887.7
1730,1452.09,2887.7
1731,1452.09,2887.7
1732,1452.09,2887.7
1733,1452.09,2887.7
1734,1452.09,2887.7
1735,1452.09,2887.7
1736,1452.09,2887.7
1737,1452.09,2887.7
1738,1452.09,2887.7
1739,1452.09,2887.7
1740,1452.09,2887.7
1741,1452.09,2887.7
1742,1452.09,2887.7
1743,1452.09,2887.7
1744,1452.09,2887.7
1745,1452.09,2887.7
1746,1452.09,2887.7
1747,1452.09,2887.7
1748,1452.09,2887.7
1749,1452.09,2887.7
1750,1452.09,2887.7
1751,1452.09,2887.7
1752,1452.09,2887.7
1753,1452.09,2887.7
1754,1452.09,2887.7
1755,1452.09,2887.7
1756,1452.09,2887.7
1757,1452.09,2887.7
1758,1452.09,2887.7
1759,1452.09,2887.7
1760,1452.09,2887.7
1761,1452.09,2887.7
1762,1452.09,2887.7
1763,1452.09,2887.7
1764,1452.09,2887.7
1765,1452.09,2887.7
1766,1452.09,2887.7
1767,1452.09,2887.7
1768,1452.09,2887.7
1769,1452.09,2887.7
1770,1452.09,2887.7
1771,1452.09,2887.7
1772,1452.09,2887.7
1773,1452.09,2887.7
1774,1452.09,2887.7
1775,1452.09,2887.7
1776,1452.09,2887.7
1777,1452.09,2887.7
1778,1452.09,2887.7
1779,1452.09,2887.7
1780,1452.09,2887.7
1781,1452.09,2887.7
1782,1452.09,2887.7
1783,1452.09,2887.7
1784,1452.09,2887.7
1785,1452.09,2887.7
1786,1452.09,2887.7
1787,1452.09,2887.7
1788,1452.09,2887.7
1789,1452.09,2887.7
1790,1452.09,2887.7
1791,1452.09,2887.7
1792,1452.09,2887.7
1793,1452.09,2887.7
1794,1452.09,2887.7
1795,1452.09,2887.7
1796,1452.09,2887.7
1797,1452.09,2887.7
1798,1452.09,2887.7
1799,1452.09,2887.7
1800,1452.09,2887.7
1801,1452.09,2887.7
1802,1452.09,2887.7
1803,1452.09,2887.7
1804,1452.09,2887.7
1805,1452.09,2887.7
1806,1452.09,2887.7
1807,1452.09,2887.7
1808,1452.09,2887.7
1809,1452.09,2887.7
1810,1452.09,2887.7
1811,1452.09,2887.7
1812,1452.09,2887.7
1813,1452.09,2887.7
1814,1452.09,2887.7
1815,1452.09,2887.7
1816,1452.09,2887.7
1817,1452.09,2887.7
1818,1452.09,2887.7
1819,1452.09,2887.7
1820,1452.09,2887.7
1821,1452.09,2887.7
1822,1452.09,2887.7
1823,1452.09,2887.7
1824,1452.09,2887.7
1825,1452.09,2887.7
1826,1452.09,2887.7
1827,1452.09,2887.7
1828,1452.09,2887.7
1829,1452.09,2887.7
1830,1452.09,2887.7
1831,1452.09,2887.7
1832,1452.09,2887.7
1833,1452.09,2887.7
1834,1452.09,2887.7
1835,1452.09,2887.7
1836,1452.09,2887.7
1837,1452.09,2887.7
1838,1452.09,2887.7
1839,1452.09,2887.7
1840,1452.09,2887.7
1841,1452.09,2887.7
1842,1452.09,2887.7
1843,1452.09,2887.7
1844,1452.09,2887.7
1845,1452.09,2887.7
1846,1452.09,2887.7
1847,1452.09,2887.7
1848,1452.09,2887.7
1849,1452.09,2887.7
1850,1452.09,2887.7
1851,1452.09,2887.7
1852,1452.09,2887.7
1853,1452.09,2887.7
1854,1452.09,2887.7
1855,1452.09,2887.7
1856,1452.09,2887.7
1857,1452.09,2887.7
1858,1452.09,2887.7
1859,1452.09,2887.7
1860,1452.09,2887.7
1861,1452.09,2887.7
1862,1452.09,2887.7
1863,1452.09,2887.7
1864,1452.09,2887.7
1865,1452.09,2887.7
1866,1452.09,2887.7
1867,1452.09,2887.7
1868,1452.09,2887.7
1869,1452.09,2887.7
1870,1452.09,2887.7
1871,1452.09,2887.7
1872,1452.09,2887.7
1873,1452.09,2887.7
1874,1452.09,2887.7
1875,1452.09,2887.7
1876,1452.09,2887.7
1877,1452.09,2887.7
1878,1452.09,2887.7
1879,1452.09,2887.7
1880,1452.09,2887.7
1881,1452.09,2887.7
1882,1452.09,2887.7
1883,1452.09,2887.7
1884,1452.09,2887.7
1885,1452.09,2887.7
1886,1452.09,2887.7
1887,1452.09,2887.7
1888,1452.09,2887.7
1889,1452.09,2887.7
1890,1452.09,2887.7
1891,1452.09,2887.7
1892,1452.09,2887.7
1893,1452.09,2887.7
1894,1452.09,2887.7
1895,1452.09,2887.7
1896,1452.09,2887.7
1897,1452.09,2887.7
1898,1452.09,2887.7
1899,1452.09,2887.7
1900,1452.09,2887.7
1901,1452.09,2887.7
1902,1452.09,2887.7
1903,1452.09,2887.7
1904,1452.09,2887.7
1905,1452.09,2887.7
1906,1452.09,2887.7
1907,1452.09,2887.7
1908,1452.09,2887.7
1909,1452.09,2887.7
1910,1452.09,2887.7
1911,1452.09,2887.7
1912,1452.09,2887.7
1913,1452.09,2887.7
1914,1452.09,2887.7
1915,1452.09,2887.7
1916,1452.09,2887.7
1917,1452.09,2887.7
1918,1452.09,2887.7
1919,1452.09,2887.7
1920,1452.09,2887.7
1921,1452.09,2887.7
1922,1452.09,2887.7
1923,1452.09,2887.7
1924,1452.09,2887.7
1925,1452.09,2887.7
1926,1452.09,2887.7
1927,1452.09,2887.7
1928,1452.09,2887.7
1929,1452.09,2887.7
1930,1452.09,2887.7
1931,1452.09,2887.7
1932,1452.09,2887.7
1933,1452.09,2887.7
1934,1452.09,2887.7
1935,1452.09,2887.7
1936,1452.09,2887.7
1937,1452.09,2887.7
1938,1452.09,2887.7
1939,1452.09,2887.7
1940,1452.09,2887.7
1941,1452.09,2887.7
1942,1452.09,2887.7
1943,1452.09,2887.7
1944,1452.09,2887.7
1945,1452.09,2887.7
1946,1452.09,2887.7
1947,1452.09,2887.7
1948,1452.09,2887.7
1949,1452.09,2887.7
1950,1452.09,2887.7
1951,1452.09,2887.7
1952,1452.09,2887.7
1953,1452.09,2887.7
1954,1452.09,2887.7
1955,1452.09,2887.7
1956,1452.09,2887.7
1957,1452.09,2887.7
1958,1452.09,2887.7
1959,1452.09,2887.7
1960,1452.09,2887.7
1961,1452.09,2887.7
1962,1452.09,2887.7
1963,1452.09,2887.7
1964,1452.09,2887.7
1965,1452.09,2887.7
1966,1452.09,2887.7
1967,1452.09,2887.7
1968,1452.09,2887.7
1969,1452.09,2887.7
1970,1452.09,2887.7
1971,1452.09,2887.7
1972,1452.09,2887.7
1973,1452.09,2887.7
1974,1452.09,2887.7
1975,1452.09,2887.7
1976,1452.09,2887.7
1977,1452.09,2887.7
1978,1452.09,2887.7
1979,1452.09,2887.7
1980,1452.09,2887.7
1981,1452.09,2887.7
1982,1452.09,2887.7
1983,1452.09,2887.7
1984,1452.09,2887.7
1985,1452.09,2887.7
1986,1452.09,2887.7
1987,1452.09,2887.7
1988,1452.09,2887.7
1989,1452.09,2887.7
1990,1452.09,2887.7
1991,1452.09,2887.7
1992,1452.09,2887.7
1993,1452.09,2887.7
1994,1452.09,2887.7
1995,1452.09,2887.7
1996,1452.09,2887.7
1997,1452.09,2887.7
1998,1452.09,2887.7
1999,1452.09,2887.7
2000,1452.09,2887.7
2001,1452.09,2887.7
2002,1452.09,2887.7
2003,1452.09,2887.7
2004,1452.09,2887.7
2005,1452.09,2887.7
2006,1452.09,2887.7
2007,1452.09,2887.7
2008,1452.09,2887.7
2009,1452.09,2887.7
2010,1452.09,2887.7
2011,1452.09,2887.7
2012,1452.09,2887.7
2013,1452.09,2887.7
2014,1452.09,2887.7
2015,1452.09,2887.7
2016,1452.09,2887.7
2017,1452.09,2887.7
2018,1452.09,2887.7
2019,1452.09,2887.7
2020,1452.09,2887.7
2021,1452.09,2887.7
2022,1452.09,2887.7
2023,1452.09,2887.7
2024,1452.09,2887.7
2025,1452.09,2887.7
2026,1452.09,2887.7
2027,1452.09,2887.7
2028,1452.09,2887.7
2029,1452.09,2887.7
2030,1452.09,2887.7
2031,1452.09,2887.7
2032,1452.09,2887.7
2033,1452.09,2887.7
2034,1452.09,2887.7
2035,1452.09,2887.7
2036,1452.09,2887.7
2037,1452.09,2887.7
2038,1452.09,2887.7
2039,1452.09,2887.7
2040,1452.09,2887.7
2041,1452.09,2887.7
2042,1452.09,2887.7
2043,1452.09,2887.7
2044,1452.09,2887.7
2045,1452.09,2887.7
2046,1452.09,2887.7
2047,1452.09,2887.7
2048,1452.09,2887.7
2049,1452.09,2887.7
2050,1452.09,2887.7
2051,1452.09,2887.7
2052,1452.09,2887.7
2053,1452.09,2887.7
2054,1452.09,2887.7
2055,1452.09,2887.7
2056,1452.09,2887.7
2057,1452.09,2887.7
2058,1452.09,2887.7
2059,1452.09,2887.7
2060,1452.09,2887.7
2061,1452.09,2887.7
2062,1452.09,2887.7
2063,1452.09,2887.7
2064,1452.09,2887.7
2065,1452.09,2887.7
2066,1452.09,2887.7
2067,1452.09,2887.7
2068,1452.09,2887.7
2069,1452.09,2887.7
2070,1452.09,2887.7
2071,1452.09,2887.7
2072,1452.09,2887.7
2073,1452.09,2887.7
2074,1452.09,2887.7
2075,1452.09,2887.7
2076,1452.09,2887.7
2077,1452.09,2887.7
2078,1452.09,2887.7
2079,1452.09,2887.7
2080,1452.09,2887.7
2081,1452.09,2887.7
2082,1452.09,2887.7
2083,1452.09,2887.7
2084,1452.09,2887.7
2085,1452.09,2887.7
2086,1452.09,2887.7
2087,1452.09,2887.7
2088,1452.09,2887.7
2089,1452.09,2887.7
2090,1452.09,2887.7
2091,1452.09,2887.7
2092,1452.09,2887.7
2093,1452.09,2887.7
2094,1452.09,2887.7
2095,1452.09,2887.7
2096,1452.09,2887.7
2097,1452.09,2887.7
2098,1452.09,2887.7
2099,1452.09,2887.7
2100,1452.09,2887.7
2101,1452.09,2887.7
2102,1452.09,2887.7
2103,1452.09,2887.7
2104,1452.09,2887.7
2105,1452.09,2887.7
2106,1452.09,2887.7
2107,1452.09,2887.7
2108,1452.09,2887.7
2109,1452.09,2887.7
2110,1452.09,2887.7
2111,1452.09,2887.7
2112,1452.09,2887.7
2113,1452.09,2887.7
2114,1452.09,2887.7
2115,1452.09,2887.7
2116,1452.09,2887.7
2117,1452.09,2887.7
2118,1452.09,2887.7
2119,1452.09,2887.7
2120,1452.09,2887.7
2121,1452.09,2887.7
2122,1452.09,2887.7
2123,1452.09,2887.7
2124,1452.09,2887.7
2125,1452.09,2887.7
2126,1452.09,2887.7
2127,1452.09,2887.7
2128,1452.09,2887.7
2129,1452.09,2887.7
2130,1452.09,2887.7
2131,1452.09,2887.7
2132,1452.09,2887.7
2133,1452.09,2887.7
2134,1452.09,2887.7
2135,1452.09,2887.7
2136,1452.09,2887.7
2137,1452.09,2887.7
2138,1452.09,2887.7
2139,1452.09,2887.7
2140,1452.09,2887.7
2141,1452.09,2887.7
2142,1452.09,2887.7
2143,1452.09,2887.7
2144,1452.09,2887.7
2145,1452.09,2887.7
2146,1452.09,2887.7
2147,1452.09,2887.7
2148,1452.09,2887.7
2149,1452.09,2887.7
2150,1452.09,2887.7
2151,1452.09,2887.7
2152,1452.09,2887.7
2153,1452.09,2887.7
2154,1452.09,2887.7
2155,1452.09,2887.7
2156,1452.09,2887.7
2157,1452.09,2887.7
2158,1452.09,2887.7
2159,1452.09,2887.7
2160,1452.09,2887.7
2161,1452.09,2887.7
2162,1452.09,2887.7
2163,1452.09,2887.7
2164,1452.09,2887.7
2165,1452.09,2887.7
2166,1452.09,2887.7
2167,1452.09,2887.7
2168,1452.09,2887.7
2169,1452.09,2887.7
2170,1452.09,2887.7
2171,1452.09,2887.7
2172,1452.09,2887.7
2173,1452.09,2887.7
2174,1452.09,2887.7
2175,1452.09,2887.7
2176,1452.09,2887.7
2177,1452.09,2887.7
2178,1452.09,2887.7
2179,1452.09,2887.7
2180,1452.09,2887.7
2181,1452.09,2887.7
2182,1452.09,2887.7
2183,1452.09,2887.7
2184,1452.09,2887.7
2185,1452.09,2887.7
2186,1452.09,2887.7
2187,1452.09,2887.7
2188,1452.09,2887.7
2189,1452.09,2887.7
2190,1452.09,2887.7
2191,1452.09,2887.7
2192,1452.09,2887.7
2193,1452.09,2887.7
2194,1452.09,2887.7
2195,1452.09,2887.7
2196,1452.09,2887.7
2197,1452.09,2887.7
2198,1452.09,2887.7
2199,1452.09,2887.7
2200,1452.09,2887.7
2201,1452.09,2887.7
2202,1452.09,2887.7
2203,1452.09,2887.7
2204,1452.09,2887.7
2205,1452.09,2887.7
2206,1452.09,2887.7
2207,1452.09,2887.7
2208,1452.09,2887.7
2209,1452.09,2887.7
2210,1452.09,2887.7
2211,1452.09,2887.7
2212,1452.09,2887.7
2213,1452.09,2887.7
2214,1452.09,2887.7
2215,1452.09,2887.7
2216,1452.09,2887.7
2217,1452.09,2887.7
2218,1452.09,2887.7
2219,1452.09,2887.7
2220,1452.09,2887.7
2221,1452.09,2887.7
2222,1452.09,2887.7
2223,1452.09,2887.7
2224,1452.09,2887.7
2225,1452.09,2887.7
2226,1452.09,2887.7
2227,1452.09,2887.7
2228,1452.09,2887.7
2229,1452.09,2887.7
2230,1452.09,2887.7
2231,1452.09,2887.7
2232,1452.09,2887.7
2233,1452.09,2887.7
2234,1452.09,2887.7
2235,1452.09,2887.7
2236,1452.09,2887.7
2237,1452.09,2887.7
2238,1452.09,2887.7
2239,1452.09,2887.7
2240,1452.09,2887.7
2241,1452.09,2887.7
2242,1452.09,2887.7
2243,1452.09,2887.7
2244,1452.09,2887.7
2245,1452.09,2887.7
2246,1452.09,2887.7
2247,1452.09,2887.7
2248,1452.09,2887.7
2249,1452.09,2887.7
2250,1452.09,2887.7
2251,1452.09,2887.7
2252,1452.09,2887.7
2253,1452.09,2887.7
2254,1452.09,2887.7
2255,1452.09,2887.7
2256,1452.09,2887.7
2257,1452.09,2887.7
2258,1452.09,2887.7
2259,1452.09,2887.7
2260,1452.09,2887.7
2261,1452.09,2887.7
2262,1452.09,2887.7
2263,1452.09,2887.7
2264,1452.09,2887.7
2265,1452.09,2887.7
2266,1452.09,2887.7
2267,1452.09,2887.7
2268,1452.09,2887.7
2269,1452.09,2887.7
2270,1452.09,2887.7
2271,1452.09,2887.7
2272,1452.09,2887.7
2273,1452.09,2887.7
2274,1452.09,2887.7
2275,1452.09,2887.7
2276,1452.09,2887.7
2277,1452.09,2887.7
2278,1452.09,2887.7
2279,1452.09,2887.7
2280,1452.09,2887.7
2281,1452.09,2887.7
