Instance,Size,EvalType,Result_CT,Result_WT,Benchmark_CT,Benchmark_WT,CT_Gap_%,WT_Gap_%,Status
100.10.1,100,50% evals,7313.72,219589.33,5522.23,183008.0,32.44142312073204,19.988923981465284,loss
100.10.2,100,50% evals,4951.54,153715.53,5329.83,167258.0,-7.097599735826471,-8.096754714273757,win
100.10.3,100,50% evals,7584.0,215424.99,5595.11,183802.0,35.54693294680534,17.204921600417837,loss
100.10.4,100,50% evals,7280.66,209660.43,5032.91,172997.0,44.661041027954006,21.19310161447886,loss
100.20.1,100,50% evals,12003.99,297621.41,13691.4,275593.0,-12.324597922783646,7.993094889928254,tie
100.20.2,100,50% evals,11435.7,237661.0,12723.0,265681.0,-10.117896722471109,-10.546482435702966,win
100.20.3,100,50% evals,12921.01,358504.89,12543.4,285954.0,3.010427794696817,25.371524790700605,loss
100.20.4,100,50% evals,13518.7,329048.73,12139.7,249694.0,11.3594240384853,31.78079168902736,loss
100.30.1,100,50% evals,18680.88,565663.7,16871.8,367505.0,10.722507379177099,53.920001088420555,loss
100.30.2,100,50% evals,18316.06,529285.29,20215.8,403414.0,-9.397303099555783,31.201517547730134,tie
100.30.3,100,50% evals,19296.22,566072.56,18831.7,442980.0,2.466691801589875,27.787385435008368,loss
100.30.4,100,50% evals,20915.17,723556.17,18659.0,397512.0,12.091591189238429,82.0212144539033,loss
100.40.1,100,50% evals,24131.32,792775.8,22933.9,482058.0,5.22117912784131,64.4565176804451,loss
100.40.2,100,50% evals,24485.16,755585.86,22485.7,503727.0,8.892140338081532,49.99907886613185,loss
100.40.3,100,50% evals,23904.05,786605.2,23469.4,547570.0,1.8519859902681697,43.65381595047207,loss
100.40.4,100,50% evals,24231.3,734279.99,22860.2,500478.0,5.9977602995599275,46.715737754706495,loss
20.10.1,20,25% evals,2408.85,14261.27,2957.09,19838.2,-18.53984829680531,-28.112076700507103,win
20.10.2,20,25% evals,4089.89,27306.3,3799.78,28027.6,7.634915705646107,-2.5735346586935712,tie
20.10.3,20,25% evals,2654.43,20325.63,3450.73,29099.8,-23.076276613933867,-30.151994171781244,win
20.10.4,20,25% evals,3598.96,21628.87,3436.22,18139.0,4.736018066363628,19.239594244445666,loss
20.20.1,20,25% evals,8256.44,44882.7,8256.44,45481.7,0.0,-1.3170132163045796,win
20.20.2,20,25% evals,5048.36,26220.06,6499.78,28941.4,-22.330294256113287,-9.402931440773425,win
20.20.3,20,25% evals,6624.2,31556.38,6624.2,43084.4,0.0,-26.756830778657704,win
20.20.4,20,25% evals,8278.93,38493.47,8150.22,41397.2,1.5792211743977467,-7.0143149778245775,tie
20.5.1,20,25% evals,1735.0,9991.52,1673.41,13237.5,3.6805086619537306,-24.521095372993386,tie
20.5.2,20,25% evals,1841.52,10674.1,1704.02,14747.7,8.069154117909415,-27.621934267716323,tie
20.5.3,20,25% evals,1577.76,13305.76,1691.84,13473.5,-6.742954416493281,-1.244962333469401,win
20.5.4,20,25% evals,1603.19,10632.91,1602.21,10450.2,0.06116551513222475,1.7483875906681126,loss
200.10.1,200,25% evals,5976.31,302899.9,9038.46,746222.0,-33.8791121496361,-59.40887564290519,win
200.10.2,200,25% evals,6716.57,364850.97,8734.16,780631.0,-23.09998900867399,-53.26204442303727,win
200.10.3,200,25% evals,6333.34,338333.22,9010.41,798535.0,-29.710856664680072,-57.630758827102134,win
200.10.4,200,25% evals,6268.2,327903.57,9439.18,769487.0,-33.59380793670637,-57.386730380110386,win
200.20.1,200,25% evals,14314.81,858703.82,16042.1,1263050.0,-10.767231222844895,-32.013473734214806,win
200.20.2,200,25% evals,14478.34,680972.87,15439.8,1336100.0,-6.2271532014663356,-49.032791707207544,win
200.20.3,200,25% evals,14070.88,825818.17,15497.4,1192000.0,-9.204898886264797,-30.71995218120805,win
200.20.4,200,25% evals,13071.32,777881.25,15604.9,1180780.0,-16.23579773020013,-34.12140703602704,win
200.30.1,200,25% evals,19692.36,1390148.15,20819.7,1586590.0,-5.414775429040765,-12.381387125848525,win
200.30.2,200,25% evals,20124.16,1261772.11,17603.6,715648.0,14.318434865595684,76.31183347120374,loss
200.30.3,200,25% evals,20087.64,1319310.0,21646.5,1707550.0,-7.201441341556375,-22.736669497232878,win
200.30.4,200,25% evals,19300.14,1216475.48,21736.0,1588430.0,-11.206569746043433,-23.416487978695947,win
200.40.1,200,25% evals,24868.06,1661718.8,20280.8,839954.0,22.618732988836744,97.83450046073952,loss
200.40.2,200,25% evals,25959.68,1518972.81,18151.5,822496.0,43.016720381235714,84.67844342100145,loss
200.40.3,200,25% evals,24525.5,1718817.32,20727.4,876036.0,18.32405415054468,96.20395965462608,loss
200.40.4,200,25% evals,25250.95,1506646.46,20590.0,850038.0,22.636959689169505,77.24460082960996,loss
50.10.1,50,50% evals,4717.26,75092.1,4755.86,79204.2,-0.8116302834818404,-5.191770133402006,win
50.10.2,50,50% evals,5487.9,99476.92,4680.04,85099.6,17.261818275057472,16.894697507391328,loss
50.10.3,50,50% evals,4401.01,79342.64,4467.58,83180.9,-1.490068448690336,-4.614352573727857,win
50.10.4,50,50% evals,4328.29,67320.13,4426.78,68299.2,-2.224867736819986,-1.4335014172933103,win
50.20.1,50,50% evals,10612.79,146795.29,9423.41,128594.0,12.621545703731464,14.154074062553471,loss
50.20.2,50,50% evals,9899.33,137089.69,8872.05,127307.0,11.578834654899383,7.68433000541997,loss
50.20.3,50,50% evals,9316.63,109140.31,9224.14,134840.0,1.0026951021992272,-19.059396321566304,tie
50.20.4,50,50% evals,9040.16,89668.4,10797.9,115205.0,-16.27853564118949,-22.166225424243745,win
50.30.1,50,50% evals,16905.96,261272.07,15769.6,173639.0,7.2060166396103815,50.46854105356516,loss
50.30.2,50,50% evals,16095.13,174615.88,13509.2,175363.0,19.14199212388593,-0.4260419814898213,tie
50.30.3,50,50% evals,17867.23,264881.64,14828.7,195888.0,20.490872429815145,35.22096299926489,loss
50.30.4,50,50% evals,18726.29,270823.59,16263.1,203768.0,15.145882396345103,32.907811825213,loss
50.40.1,50,50% evals,22099.13,338454.57,19519.6,235478.0,13.215076128609207,43.730866577769476,loss
50.40.2,50,50% evals,21572.24,372819.08,19993.7,304486.0,7.895186983899932,22.44210899680117,loss
50.40.3,50,50% evals,21750.24,402450.87,20412.2,278065.0,6.55509940133842,44.73265962994264,loss
50.40.4,50,50% evals,21101.64,364421.77,18306.9,248427.0,15.266047228094312,46.69169212686222,loss
